filename,subject,trial,step,pass,reasons
S001_Trial01_Step01.csv,S001,1,1,True,PASS
S001_Trial01_Step02.csv,S001,1,2,True,PASS
S001_Trial02_Step01.csv,S001,2,1,True,PASS
S001_Trial02_Step02.csv,S001,2,2,True,PASS
S001_Trial03_Step01.csv,S001,3,1,True,PASS
S001_Trial03_Step02.csv,S001,3,2,True,PASS
S001_Trial04_Step01.csv,S001,4,1,True,PASS
S001_Trial04_Step02.csv,S001,4,2,True,PASS
S001_Trial05_Step01.csv,S001,5,1,True,PASS
S001_Trial05_Step02.csv,S001,5,2,True,PASS
S002_Trial01_Step01.csv,S002,1,1,True,PASS
S002_Trial01_Step02.csv,S002,1,2,True,PASS
S002_Trial02_Step01.csv,S002,2,1,True,PASS
S002_Trial02_Step02.csv,S002,2,2,True,PASS
S002_Trial03_Step01.csv,S002,3,1,True,PASS
S002_Trial03_Step02.csv,S002,3,2,True,PASS
S002_Trial04_Step01.csv,S002,4,1,True,PASS
S002_Trial04_Step02.csv,S002,4,2,True,PASS
S002_Trial05_Step01.csv,S002,5,1,True,PASS
S002_Trial05_Step02.csv,S002,5,2,True,PASS
S003_Trial01_Step01.csv,S003,1,1,True,PASS
S003_Trial02_Step01.csv,S003,2,1,True,PASS
S003_Trial03_Step01.csv,S003,3,1,True,PASS
S003_Trial04_Step01.csv,S003,4,1,True,PASS
S003_Trial05_Step01.csv,S003,5,1,True,PASS
S004_Trial01_Step01.csv,S004,1,1,True,PASS
S004_Trial01_Step02.csv,S004,1,2,True,PASS
S004_Trial02_Step01.csv,S004,2,1,True,PASS
S004_Trial02_Step02.csv,S004,2,2,True,PASS
S004_Trial03_Step01.csv,S004,3,1,True,PASS
S004_Trial03_Step02.csv,S004,3,2,True,PASS
S004_Trial04_Step01.csv,S004,4,1,True,PASS
S004_Trial04_Step02.csv,S004,4,2,True,PASS
S004_Trial05_Step01.csv,S004,5,1,True,PASS
S004_Trial05_Step02.csv,S004,5,2,True,PASS
S005_Trial01_Step01.csv,S005,1,1,True,PASS
S005_Trial01_Step02.csv,S005,1,2,True,PASS
S005_Trial02_Step01.csv,S005,2,1,True,PASS
S005_Trial02_Step02.csv,S005,2,2,True,PASS
S005_Trial03_Step01.csv,S005,3,1,True,PASS
S005_Trial03_Step02.csv,S005,3,2,True,PASS
S005_Trial04_Step01.csv,S005,4,1,True,PASS
S005_Trial04_Step02.csv,S005,4,2,True,PASS
S005_Trial05_Step01.csv,S005,5,1,True,PASS
S005_Trial05_Step02.csv,S005,5,2,True,PASS
S006_Trial01_Step01.csv,S006,1,1,True,PASS
S006_Trial02_Step01.csv,S006,2,1,True,PASS
S006_Trial03_Step01.csv,S006,3,1,True,PASS
S006_Trial03_Step02.csv,S006,3,2,True,PASS
S006_Trial04_Step01.csv,S006,4,1,True,PASS
S006_Trial05_Step01.csv,S006,5,1,True,PASS
S007_Trial01_Step01.csv,S007,1,1,True,PASS
S007_Trial01_Step02.csv,S007,1,2,True,PASS
S007_Trial02_Step01.csv,S007,2,1,True,PASS
S007_Trial02_Step02.csv,S007,2,2,True,PASS
S007_Trial03_Step01.csv,S007,3,1,True,PASS
S007_Trial03_Step02.csv,S007,3,2,True,PASS
S007_Trial04_Step01.csv,S007,4,1,True,PASS
S007_Trial04_Step02.csv,S007,4,2,True,PASS
S007_Trial05_Step01.csv,S007,5,1,True,PASS
S007_Trial05_Step02.csv,S007,5,2,True,PASS
S008_Trial01_Step01.csv,S008,1,1,True,PASS
S008_Trial01_Step02.csv,S008,1,2,True,PASS
S008_Trial02_Step01.csv,S008,2,1,True,PASS
S008_Trial02_Step02.csv,S008,2,2,True,PASS
S008_Trial03_Step01.csv,S008,3,1,True,PASS
S008_Trial03_Step02.csv,S008,3,2,True,PASS
S008_Trial04_Step01.csv,S008,4,1,True,PASS
S008_Trial04_Step02.csv,S008,4,2,True,PASS
S008_Trial05_Step01.csv,S008,5,1,True,PASS
S008_Trial05_Step02.csv,S008,5,2,True,PASS
S009_Trial01_Step01.csv,S009,1,1,True,PASS
S009_Trial01_Step02.csv,S009,1,2,True,PASS
S009_Trial02_Step01.csv,S009,2,1,True,PASS
S009_Trial02_Step02.csv,S009,2,2,True,PASS
S009_Trial03_Step01.csv,S009,3,1,True,PASS
S009_Trial03_Step02.csv,S009,3,2,True,PASS
S009_Trial04_Step01.csv,S009,4,1,True,PASS
S009_Trial04_Step02.csv,S009,4,2,True,PASS
S009_Trial05_Step01.csv,S009,5,1,True,PASS
S009_Trial05_Step02.csv,S009,5,2,True,PASS
S010_Trial01_Step01.csv,S010,1,1,True,PASS
S010_Trial01_Step02.csv,S010,1,2,True,PASS
S010_Trial02_Step01.csv,S010,2,1,True,PASS
S010_Trial02_Step02.csv,S010,2,2,True,PASS
S010_Trial03_Step01.csv,S010,3,1,True,PASS
S010_Trial03_Step02.csv,S010,3,2,True,PASS
S010_Trial04_Step01.csv,S010,4,1,True,PASS
S010_Trial04_Step02.csv,S010,4,2,True,PASS
S010_Trial05_Step01.csv,S010,5,1,True,PASS
S010_Trial05_Step02.csv,S010,5,2,True,PASS
S011_Trial01_Step01.csv,S011,1,1,True,PASS
S011_Trial01_Step02.csv,S011,1,2,True,PASS
S011_Trial02_Step01.csv,S011,2,1,True,PASS
S011_Trial02_Step02.csv,S011,2,2,True,PASS
S011_Trial03_Step01.csv,S011,3,1,True,PASS
S011_Trial03_Step02.csv,S011,3,2,True,PASS
S011_Trial04_Step01.csv,S011,4,1,True,PASS
S011_Trial04_Step02.csv,S011,4,2,True,PASS
S011_Trial05_Step01.csv,S011,5,1,True,PASS
S011_Trial05_Step02.csv,S011,5,2,True,PASS
S012_Trial01_Step01.csv,S012,1,1,True,PASS
S012_Trial01_Step02.csv,S012,1,2,True,PASS
S012_Trial02_Step01.csv,S012,2,1,True,PASS
S012_Trial02_Step02.csv,S012,2,2,True,PASS
S012_Trial03_Step01.csv,S012,3,1,True,PASS
S012_Trial03_Step02.csv,S012,3,2,True,PASS
S012_Trial04_Step01.csv,S012,4,1,True,PASS
S012_Trial04_Step02.csv,S012,4,2,True,PASS
S012_Trial05_Step01.csv,S012,5,1,True,PASS
S012_Trial05_Step02.csv,S012,5,2,True,PASS
S013_Trial01_Step01.csv,S013,1,1,True,PASS
S013_Trial01_Step02.csv,S013,1,2,True,PASS
S013_Trial02_Step01.csv,S013,2,1,True,PASS
S013_Trial02_Step02.csv,S013,2,2,True,PASS
S013_Trial03_Step01.csv,S013,3,1,True,PASS
S013_Trial03_Step02.csv,S013,3,2,True,PASS
S013_Trial04_Step01.csv,S013,4,1,True,PASS
S013_Trial04_Step02.csv,S013,4,2,True,PASS
S013_Trial05_Step01.csv,S013,5,1,True,PASS
S013_Trial05_Step02.csv,S013,5,2,True,PASS
S014_Trial01_Step01.csv,S014,1,1,True,PASS
S014_Trial01_Step02.csv,S014,1,2,True,PASS
S014_Trial02_Step01.csv,S014,2,1,True,PASS
S014_Trial02_Step02.csv,S014,2,2,True,PASS
S014_Trial03_Step01.csv,S014,3,1,True,PASS
S014_Trial03_Step02.csv,S014,3,2,True,PASS
S014_Trial04_Step01.csv,S014,4,1,True,PASS
S014_Trial04_Step02.csv,S014,4,2,True,PASS
S014_Trial05_Step01.csv,S014,5,1,True,PASS
S014_Trial05_Step02.csv,S014,5,2,True,PASS
S015_Trial01_Step01.csv,S015,1,1,True,PASS
S015_Trial01_Step02.csv,S015,1,2,True,PASS
S015_Trial02_Step01.csv,S015,2,1,True,PASS
S015_Trial02_Step02.csv,S015,2,2,True,PASS
S015_Trial03_Step01.csv,S015,3,1,True,PASS
S015_Trial03_Step02.csv,S015,3,2,True,PASS
S015_Trial04_Step01.csv,S015,4,1,True,PASS
S015_Trial04_Step02.csv,S015,4,2,True,PASS
S015_Trial05_Step01.csv,S015,5,1,True,PASS
S015_Trial05_Step02.csv,S015,5,2,True,PASS
S016_Trial01_Step01.csv,S016,1,1,True,PASS
S016_Trial01_Step02.csv,S016,1,2,True,PASS
S016_Trial02_Step01.csv,S016,2,1,True,PASS
S016_Trial02_Step02.csv,S016,2,2,True,PASS
S016_Trial03_Step01.csv,S016,3,1,True,PASS
S016_Trial03_Step02.csv,S016,3,2,True,PASS
S016_Trial04_Step01.csv,S016,4,1,True,PASS
S016_Trial05_Step01.csv,S016,5,1,True,PASS
S017_Trial01_Step01.csv,S017,1,1,True,PASS
S017_Trial02_Step01.csv,S017,2,1,True,PASS
S017_Trial02_Step02.csv,S017,2,2,True,PASS
S017_Trial03_Step01.csv,S017,3,1,True,PASS
S017_Trial03_Step02.csv,S017,3,2,True,PASS
S017_Trial04_Step01.csv,S017,4,1,True,PASS
S017_Trial04_Step02.csv,S017,4,2,True,PASS
S017_Trial05_Step01.csv,S017,5,1,True,PASS
S017_Trial05_Step02.csv,S017,5,2,True,PASS
S018_Trial01_Step01.csv,S018,1,1,True,PASS
S018_Trial01_Step02.csv,S018,1,2,True,PASS
S018_Trial02_Step01.csv,S018,2,1,True,PASS
S018_Trial02_Step02.csv,S018,2,2,True,PASS
S018_Trial03_Step01.csv,S018,3,1,True,PASS
S018_Trial03_Step02.csv,S018,3,2,True,PASS
S018_Trial04_Step01.csv,S018,4,1,True,PASS
S018_Trial04_Step02.csv,S018,4,2,True,PASS
S018_Trial05_Step01.csv,S018,5,1,True,PASS
S018_Trial05_Step02.csv,S018,5,2,True,PASS
S019_Trial01_Step01.csv,S019,1,1,True,PASS
S019_Trial01_Step02.csv,S019,1,2,True,PASS
S019_Trial02_Step01.csv,S019,2,1,True,PASS
S019_Trial02_Step02.csv,S019,2,2,True,PASS
S019_Trial03_Step01.csv,S019,3,1,True,PASS
S019_Trial03_Step02.csv,S019,3,2,True,PASS
S019_Trial04_Step01.csv,S019,4,1,True,PASS
S019_Trial04_Step02.csv,S019,4,2,True,PASS
S019_Trial05_Step01.csv,S019,5,1,True,PASS
S019_Trial05_Step02.csv,S019,5,2,True,PASS
S020_Trial01_Step01.csv,S020,1,1,True,PASS
S020_Trial01_Step02.csv,S020,1,2,True,PASS
S020_Trial02_Step01.csv,S020,2,1,True,PASS
S020_Trial02_Step02.csv,S020,2,2,True,PASS
S020_Trial03_Step01.csv,S020,3,1,True,PASS
S020_Trial04_Step01.csv,S020,4,1,True,PASS
S020_Trial05_Step01.csv,S020,5,1,True,PASS
S021_Trial01_Step01.csv,S021,1,1,True,PASS
S021_Trial01_Step02.csv,S021,1,2,True,PASS
S021_Trial02_Step01.csv,S021,2,1,True,PASS
S021_Trial02_Step02.csv,S021,2,2,True,PASS
S021_Trial03_Step01.csv,S021,3,1,True,PASS
S021_Trial03_Step02.csv,S021,3,2,True,PASS
S021_Trial04_Step01.csv,S021,4,1,True,PASS
S021_Trial04_Step02.csv,S021,4,2,True,PASS
S021_Trial05_Step01.csv,S021,5,1,True,PASS
S021_Trial05_Step02.csv,S021,5,2,True,PASS
S022_Trial01_Step01.csv,S022,1,1,True,PASS
S022_Trial01_Step02.csv,S022,1,2,True,PASS
S022_Trial02_Step01.csv,S022,2,1,True,PASS
S022_Trial02_Step02.csv,S022,2,2,True,PASS
S022_Trial03_Step01.csv,S022,3,1,True,PASS
S022_Trial03_Step02.csv,S022,3,2,True,PASS
S022_Trial04_Step01.csv,S022,4,1,True,PASS
S022_Trial04_Step02.csv,S022,4,2,True,PASS
S022_Trial05_Step01.csv,S022,5,1,True,PASS
S022_Trial05_Step02.csv,S022,5,2,True,PASS
S023_Trial01_Step01.csv,S023,1,1,True,PASS
S023_Trial01_Step02.csv,S023,1,2,True,PASS
S023_Trial02_Step01.csv,S023,2,1,True,PASS
S023_Trial02_Step02.csv,S023,2,2,True,PASS
S023_Trial03_Step01.csv,S023,3,1,True,PASS
S023_Trial03_Step02.csv,S023,3,2,True,PASS
S023_Trial04_Step01.csv,S023,4,1,True,PASS
S023_Trial04_Step02.csv,S023,4,2,True,PASS
S023_Trial05_Step01.csv,S023,5,1,True,PASS
S024_Trial01_Step01.csv,S024,1,1,True,PASS
S024_Trial01_Step02.csv,S024,1,2,True,PASS
S024_Trial02_Step01.csv,S024,2,1,True,PASS
S024_Trial02_Step02.csv,S024,2,2,True,PASS
S024_Trial03_Step01.csv,S024,3,1,True,PASS
S024_Trial03_Step02.csv,S024,3,2,True,PASS
S024_Trial04_Step01.csv,S024,4,1,True,PASS
S024_Trial04_Step02.csv,S024,4,2,True,PASS
S024_Trial05_Step01.csv,S024,5,1,True,PASS
S024_Trial05_Step02.csv,S024,5,2,True,PASS
S025_Trial01_Step01.csv,S025,1,1,True,PASS
S025_Trial01_Step02.csv,S025,1,2,True,PASS
S025_Trial02_Step01.csv,S025,2,1,True,PASS
S025_Trial02_Step02.csv,S025,2,2,True,PASS
S025_Trial03_Step01.csv,S025,3,1,True,PASS
S025_Trial03_Step02.csv,S025,3,2,True,PASS
S025_Trial04_Step01.csv,S025,4,1,True,PASS
S025_Trial04_Step02.csv,S025,4,2,True,PASS
S025_Trial05_Step01.csv,S025,5,1,True,PASS
S025_Trial05_Step02.csv,S025,5,2,True,PASS
S026_Trial01_Step01.csv,S026,1,1,True,PASS
S026_Trial01_Step02.csv,S026,1,2,True,PASS
S026_Trial02_Step01.csv,S026,2,1,True,PASS
S026_Trial02_Step02.csv,S026,2,2,True,PASS
S026_Trial03_Step01.csv,S026,3,1,True,PASS
S026_Trial03_Step02.csv,S026,3,2,True,PASS
S026_Trial04_Step01.csv,S026,4,1,True,PASS
S026_Trial04_Step02.csv,S026,4,2,True,PASS
S026_Trial05_Step01.csv,S026,5,1,True,PASS
S026_Trial05_Step02.csv,S026,5,2,True,PASS
S027_Trial01_Step01.csv,S027,1,1,True,PASS
S027_Trial01_Step02.csv,S027,1,2,True,PASS
S027_Trial02_Step01.csv,S027,2,1,True,PASS
S027_Trial02_Step02.csv,S027,2,2,True,PASS
S027_Trial03_Step01.csv,S027,3,1,True,PASS
S027_Trial03_Step02.csv,S027,3,2,True,PASS
S027_Trial04_Step01.csv,S027,4,1,True,PASS
S027_Trial04_Step02.csv,S027,4,2,True,PASS
S027_Trial05_Step01.csv,S027,5,1,True,PASS
S027_Trial05_Step02.csv,S027,5,2,True,PASS
S028_Trial01_Step01.csv,S028,1,1,True,PASS
S028_Trial02_Step01.csv,S028,2,1,True,PASS
S028_Trial03_Step01.csv,S028,3,1,True,PASS
S028_Trial04_Step01.csv,S028,4,1,True,PASS
S028_Trial04_Step02.csv,S028,4,2,True,PASS
S028_Trial05_Step01.csv,S028,5,1,True,PASS
S028_Trial05_Step02.csv,S028,5,2,True,PASS
S029_Trial01_Step01.csv,S029,1,1,True,PASS
S029_Trial01_Step02.csv,S029,1,2,True,PASS
S029_Trial02_Step01.csv,S029,2,1,True,PASS
S029_Trial02_Step02.csv,S029,2,2,True,PASS
S029_Trial03_Step01.csv,S029,3,1,True,PASS
S029_Trial03_Step02.csv,S029,3,2,True,PASS
S029_Trial04_Step01.csv,S029,4,1,True,PASS
S029_Trial05_Step01.csv,S029,5,1,True,PASS
S030_Trial01_Step01.csv,S030,1,1,True,PASS
S030_Trial01_Step02.csv,S030,1,2,True,PASS
S030_Trial02_Step01.csv,S030,2,1,True,PASS
S030_Trial02_Step02.csv,S030,2,2,True,PASS
S030_Trial03_Step01.csv,S030,3,1,True,PASS
S030_Trial03_Step02.csv,S030,3,2,True,PASS
S030_Trial04_Step01.csv,S030,4,1,True,PASS
S030_Trial04_Step02.csv,S030,4,2,True,PASS
S030_Trial05_Step01.csv,S030,5,1,True,PASS
S030_Trial05_Step02.csv,S030,5,2,True,PASS
S031_Trial01_Step01.csv,S031,1,1,True,PASS
S031_Trial01_Step02.csv,S031,1,2,True,PASS
S031_Trial02_Step01.csv,S031,2,1,True,PASS
S031_Trial02_Step02.csv,S031,2,2,True,PASS
S031_Trial03_Step01.csv,S031,3,1,True,PASS
S031_Trial03_Step02.csv,S031,3,2,True,PASS
S031_Trial04_Step01.csv,S031,4,1,True,PASS
S031_Trial04_Step02.csv,S031,4,2,True,PASS
S031_Trial05_Step01.csv,S031,5,1,True,PASS
S031_Trial05_Step02.csv,S031,5,2,True,PASS
S032_Trial01_Step01.csv,S032,1,1,True,PASS
S032_Trial01_Step02.csv,S032,1,2,True,PASS
S032_Trial02_Step01.csv,S032,2,1,True,PASS
S032_Trial03_Step01.csv,S032,3,1,True,PASS
S032_Trial03_Step02.csv,S032,3,2,True,PASS
S032_Trial04_Step01.csv,S032,4,1,True,PASS
S032_Trial04_Step02.csv,S032,4,2,True,PASS
S032_Trial05_Step01.csv,S032,5,1,True,PASS
S032_Trial05_Step02.csv,S032,5,2,True,PASS
S033_Trial01_Step01.csv,S033,1,1,True,PASS
S033_Trial01_Step02.csv,S033,1,2,True,PASS
S033_Trial02_Step01.csv,S033,2,1,True,PASS
S033_Trial02_Step02.csv,S033,2,2,True,PASS
S033_Trial03_Step01.csv,S033,3,1,True,PASS
S033_Trial03_Step02.csv,S033,3,2,True,PASS
S033_Trial04_Step01.csv,S033,4,1,True,PASS
S033_Trial04_Step02.csv,S033,4,2,True,PASS
S033_Trial05_Step01.csv,S033,5,1,True,PASS
S033_Trial05_Step02.csv,S033,5,2,True,PASS
S034_Trial01_Step01.csv,S034,1,1,True,PASS
S034_Trial01_Step02.csv,S034,1,2,True,PASS
S034_Trial02_Step01.csv,S034,2,1,True,PASS
S034_Trial02_Step02.csv,S034,2,2,True,PASS
S034_Trial03_Step01.csv,S034,3,1,True,PASS
S034_Trial03_Step02.csv,S034,3,2,True,PASS
S034_Trial04_Step01.csv,S034,4,1,True,PASS
S034_Trial04_Step02.csv,S034,4,2,True,PASS
S034_Trial05_Step01.csv,S034,5,1,True,PASS
S034_Trial05_Step02.csv,S034,5,2,True,PASS
S035_Trial01_Step01.csv,S035,1,1,True,PASS
S035_Trial02_Step01.csv,S035,2,1,True,PASS
S035_Trial03_Step01.csv,S035,3,1,True,PASS
S035_Trial04_Step01.csv,S035,4,1,True,PASS
S035_Trial05_Step01.csv,S035,5,1,True,PASS
S036_Trial01_Step01.csv,S036,1,1,True,PASS
S036_Trial02_Step01.csv,S036,2,1,True,PASS
S036_Trial02_Step02.csv,S036,2,2,True,PASS
S036_Trial03_Step01.csv,S036,3,1,True,PASS
S036_Trial03_Step02.csv,S036,3,2,True,PASS
S036_Trial04_Step01.csv,S036,4,1,True,PASS
S036_Trial04_Step02.csv,S036,4,2,True,PASS
S036_Trial05_Step01.csv,S036,5,1,True,PASS
S036_Trial05_Step02.csv,S036,5,2,True,PASS
S037_Trial01_Step01.csv,S037,1,1,True,PASS
S037_Trial01_Step02.csv,S037,1,2,True,PASS
S037_Trial02_Step01.csv,S037,2,1,True,PASS
S037_Trial03_Step01.csv,S037,3,1,True,PASS
S037_Trial04_Step01.csv,S037,4,1,True,PASS
S037_Trial05_Step01.csv,S037,5,1,True,PASS
S038_Trial01_Step01.csv,S038,1,1,True,PASS
S038_Trial02_Step01.csv,S038,2,1,True,PASS
S038_Trial03_Step01.csv,S038,3,1,True,PASS
S038_Trial04_Step01.csv,S038,4,1,True,PASS
S038_Trial04_Step02.csv,S038,4,2,True,PASS
S038_Trial05_Step01.csv,S038,5,1,True,PASS
S038_Trial05_Step02.csv,S038,5,2,True,PASS
S039_Trial01_Step01.csv,S039,1,1,True,PASS
S039_Trial01_Step02.csv,S039,1,2,True,PASS
S039_Trial02_Step01.csv,S039,2,1,True,PASS
S039_Trial02_Step02.csv,S039,2,2,True,PASS
S039_Trial03_Step01.csv,S039,3,1,True,PASS
S039_Trial03_Step02.csv,S039,3,2,True,PASS
S039_Trial04_Step01.csv,S039,4,1,True,PASS
S039_Trial04_Step02.csv,S039,4,2,True,PASS
S039_Trial05_Step01.csv,S039,5,1,True,PASS
S039_Trial05_Step02.csv,S039,5,2,True,PASS
S040_Trial01_Step01.csv,S040,1,1,True,PASS
S040_Trial01_Step02.csv,S040,1,2,True,PASS
S040_Trial02_Step01.csv,S040,2,1,True,PASS
S040_Trial02_Step02.csv,S040,2,2,True,PASS
S040_Trial03_Step01.csv,S040,3,1,True,PASS
S040_Trial03_Step02.csv,S040,3,2,True,PASS
S040_Trial04_Step01.csv,S040,4,1,True,PASS
S040_Trial04_Step02.csv,S040,4,2,True,PASS
S040_Trial05_Step01.csv,S040,5,1,True,PASS
S040_Trial05_Step02.csv,S040,5,2,True,PASS
S041_Trial01_Step01.csv,S041,1,1,True,PASS
S041_Trial01_Step02.csv,S041,1,2,True,PASS
S041_Trial02_Step01.csv,S041,2,1,True,PASS
S041_Trial02_Step02.csv,S041,2,2,True,PASS
S041_Trial03_Step01.csv,S041,3,1,True,PASS
S041_Trial03_Step02.csv,S041,3,2,True,PASS
S041_Trial04_Step01.csv,S041,4,1,True,PASS
S041_Trial04_Step02.csv,S041,4,2,True,PASS
S041_Trial05_Step01.csv,S041,5,1,True,PASS
S041_Trial05_Step02.csv,S041,5,2,True,PASS
S042_Trial01_Step01.csv,S042,1,1,True,PASS
S042_Trial01_Step02.csv,S042,1,2,True,PASS
S042_Trial02_Step01.csv,S042,2,1,True,PASS
S042_Trial02_Step02.csv,S042,2,2,True,PASS
S042_Trial03_Step01.csv,S042,3,1,True,PASS
S042_Trial03_Step02.csv,S042,3,2,True,PASS
S042_Trial04_Step01.csv,S042,4,1,True,PASS
S042_Trial04_Step02.csv,S042,4,2,True,PASS
S042_Trial05_Step01.csv,S042,5,1,True,PASS
S042_Trial05_Step02.csv,S042,5,2,True,PASS
S043_Trial01_Step01.csv,S043,1,1,True,PASS
S043_Trial01_Step02.csv,S043,1,2,True,PASS
S043_Trial02_Step01.csv,S043,2,1,True,PASS
S043_Trial02_Step02.csv,S043,2,2,True,PASS
S043_Trial03_Step01.csv,S043,3,1,True,PASS
S043_Trial03_Step02.csv,S043,3,2,True,PASS
S043_Trial04_Step01.csv,S043,4,1,True,PASS
S043_Trial04_Step02.csv,S043,4,2,True,PASS
S043_Trial05_Step01.csv,S043,5,1,True,PASS
S043_Trial05_Step02.csv,S043,5,2,True,PASS
S044_Trial01_Step01.csv,S044,1,1,True,PASS
S044_Trial01_Step02.csv,S044,1,2,True,PASS
S044_Trial02_Step01.csv,S044,2,1,True,PASS
S044_Trial02_Step02.csv,S044,2,2,True,PASS
S044_Trial03_Step01.csv,S044,3,1,True,PASS
S044_Trial03_Step02.csv,S044,3,2,True,PASS
S044_Trial04_Step01.csv,S044,4,1,True,PASS
S044_Trial04_Step02.csv,S044,4,2,True,PASS
S044_Trial05_Step01.csv,S044,5,1,True,PASS
S044_Trial05_Step02.csv,S044,5,2,True,PASS
S045_Trial01_Step01.csv,S045,1,1,True,PASS
S045_Trial01_Step02.csv,S045,1,2,True,PASS
S045_Trial02_Step01.csv,S045,2,1,True,PASS
S045_Trial02_Step02.csv,S045,2,2,True,PASS
S045_Trial03_Step01.csv,S045,3,1,True,PASS
S045_Trial03_Step02.csv,S045,3,2,True,PASS
S045_Trial04_Step01.csv,S045,4,1,True,PASS
S045_Trial04_Step02.csv,S045,4,2,True,PASS
S045_Trial05_Step01.csv,S045,5,1,True,PASS
S045_Trial05_Step02.csv,S045,5,2,True,PASS
S046_Trial01_Step01.csv,S046,1,1,True,PASS
S046_Trial01_Step02.csv,S046,1,2,True,PASS
S046_Trial02_Step01.csv,S046,2,1,True,PASS
S046_Trial03_Step01.csv,S046,3,1,True,PASS
S046_Trial03_Step02.csv,S046,3,2,True,PASS
S046_Trial04_Step01.csv,S046,4,1,True,PASS
S046_Trial04_Step02.csv,S046,4,2,True,PASS
S046_Trial05_Step01.csv,S046,5,1,True,PASS
S046_Trial05_Step02.csv,S046,5,2,True,PASS
S047_Trial01_Step01.csv,S047,1,1,True,PASS
S047_Trial01_Step02.csv,S047,1,2,True,PASS
S047_Trial02_Step01.csv,S047,2,1,True,PASS
S047_Trial02_Step02.csv,S047,2,2,True,PASS
S047_Trial03_Step01.csv,S047,3,1,True,PASS
S047_Trial03_Step02.csv,S047,3,2,True,PASS
S047_Trial04_Step01.csv,S047,4,1,True,PASS
S047_Trial04_Step02.csv,S047,4,2,True,PASS
S047_Trial05_Step01.csv,S047,5,1,True,PASS
S047_Trial05_Step02.csv,S047,5,2,True,PASS
S048_Trial01_Step01.csv,S048,1,1,True,PASS
S048_Trial01_Step02.csv,S048,1,2,True,PASS
S048_Trial02_Step01.csv,S048,2,1,True,PASS
S048_Trial02_Step02.csv,S048,2,2,True,PASS
S048_Trial03_Step01.csv,S048,3,1,True,PASS
S048_Trial03_Step02.csv,S048,3,2,True,PASS
S048_Trial04_Step01.csv,S048,4,1,True,PASS
S048_Trial04_Step02.csv,S048,4,2,True,PASS
S048_Trial05_Step01.csv,S048,5,1,True,PASS
S048_Trial05_Step02.csv,S048,5,2,True,PASS
S049_Trial01_Step01.csv,S049,1,1,True,PASS
S049_Trial01_Step02.csv,S049,1,2,True,PASS
S049_Trial02_Step01.csv,S049,2,1,True,PASS
S049_Trial02_Step02.csv,S049,2,2,True,PASS
S049_Trial03_Step01.csv,S049,3,1,True,PASS
S049_Trial03_Step02.csv,S049,3,2,True,PASS
S049_Trial04_Step01.csv,S049,4,1,True,PASS
S049_Trial04_Step02.csv,S049,4,2,True,PASS
S049_Trial05_Step01.csv,S049,5,1,True,PASS
S049_Trial05_Step02.csv,S049,5,2,True,PASS
S050_Trial01_Step01.csv,S050,1,1,True,PASS
S050_Trial01_Step02.csv,S050,1,2,True,PASS
S050_Trial02_Step01.csv,S050,2,1,True,PASS
S050_Trial02_Step02.csv,S050,2,2,True,PASS
S050_Trial03_Step01.csv,S050,3,1,True,PASS
S050_Trial03_Step02.csv,S050,3,2,True,PASS
S050_Trial04_Step01.csv,S050,4,1,True,PASS
S050_Trial04_Step02.csv,S050,4,2,True,PASS
S050_Trial05_Step01.csv,S050,5,1,True,PASS
S050_Trial05_Step02.csv,S050,5,2,True,PASS
S051_Trial01_Step01.csv,S051,1,1,True,PASS
S051_Trial02_Step01.csv,S051,2,1,True,PASS
S051_Trial03_Step01.csv,S051,3,1,True,PASS
S051_Trial04_Step01.csv,S051,4,1,True,PASS
S051_Trial05_Step01.csv,S051,5,1,True,PASS
S052_Trial01_Step01.csv,S052,1,1,True,PASS
S052_Trial01_Step02.csv,S052,1,2,True,PASS
S052_Trial02_Step01.csv,S052,2,1,True,PASS
S052_Trial02_Step02.csv,S052,2,2,True,PASS
S052_Trial03_Step01.csv,S052,3,1,True,PASS
S052_Trial03_Step02.csv,S052,3,2,True,PASS
S052_Trial04_Step01.csv,S052,4,1,True,PASS
S052_Trial04_Step02.csv,S052,4,2,True,PASS
S052_Trial05_Step01.csv,S052,5,1,True,PASS
S052_Trial05_Step02.csv,S052,5,2,True,PASS
S053_Trial01_Step01.csv,S053,1,1,True,PASS
S053_Trial01_Step02.csv,S053,1,2,True,PASS
S053_Trial02_Step01.csv,S053,2,1,True,PASS
S053_Trial02_Step02.csv,S053,2,2,True,PASS
S053_Trial03_Step01.csv,S053,3,1,True,PASS
S053_Trial03_Step02.csv,S053,3,2,True,PASS
S053_Trial04_Step01.csv,S053,4,1,True,PASS
S053_Trial04_Step02.csv,S053,4,2,True,PASS
S053_Trial05_Step01.csv,S053,5,1,True,PASS
S053_Trial05_Step02.csv,S053,5,2,True,PASS
S054_Trial01_Step01.csv,S054,1,1,True,PASS
S054_Trial01_Step02.csv,S054,1,2,True,PASS
S054_Trial02_Step01.csv,S054,2,1,True,PASS
S054_Trial02_Step02.csv,S054,2,2,True,PASS
S054_Trial03_Step01.csv,S054,3,1,True,PASS
S054_Trial03_Step02.csv,S054,3,2,True,PASS
S054_Trial04_Step01.csv,S054,4,1,True,PASS
S054_Trial04_Step02.csv,S054,4,2,True,PASS
S054_Trial05_Step01.csv,S054,5,1,True,PASS
S054_Trial05_Step02.csv,S054,5,2,True,PASS
S055_Trial01_Step01.csv,S055,1,1,True,PASS
S055_Trial02_Step01.csv,S055,2,1,True,PASS
S055_Trial03_Step01.csv,S055,3,1,True,PASS
S055_Trial04_Step01.csv,S055,4,1,True,PASS
S055_Trial05_Step01.csv,S055,5,1,True,PASS
S056_Trial01_Step01.csv,S056,1,1,True,PASS
S056_Trial01_Step02.csv,S056,1,2,True,PASS
S056_Trial02_Step01.csv,S056,2,1,True,PASS
S056_Trial02_Step02.csv,S056,2,2,True,PASS
S056_Trial03_Step01.csv,S056,3,1,True,PASS
S056_Trial04_Step01.csv,S056,4,1,True,PASS
S056_Trial05_Step01.csv,S056,5,1,True,PASS
S057_Trial01_Step01.csv,S057,1,1,True,PASS
S057_Trial01_Step02.csv,S057,1,2,True,PASS
S057_Trial02_Step01.csv,S057,2,1,True,PASS
S057_Trial02_Step02.csv,S057,2,2,True,PASS
S057_Trial03_Step01.csv,S057,3,1,True,PASS
S057_Trial04_Step01.csv,S057,4,1,True,PASS
S057_Trial04_Step02.csv,S057,4,2,True,PASS
S057_Trial05_Step01.csv,S057,5,1,True,PASS
S057_Trial05_Step02.csv,S057,5,2,True,PASS
S058_Trial01_Step01.csv,S058,1,1,True,PASS
S058_Trial01_Step02.csv,S058,1,2,True,PASS
S058_Trial02_Step01.csv,S058,2,1,True,PASS
S058_Trial02_Step02.csv,S058,2,2,True,PASS
S058_Trial03_Step01.csv,S058,3,1,True,PASS
S058_Trial03_Step02.csv,S058,3,2,True,PASS
S058_Trial04_Step01.csv,S058,4,1,True,PASS
S058_Trial04_Step02.csv,S058,4,2,True,PASS
S058_Trial05_Step01.csv,S058,5,1,True,PASS
S058_Trial05_Step02.csv,S058,5,2,True,PASS
S059_Trial01_Step01.csv,S059,1,1,True,PASS
S059_Trial01_Step02.csv,S059,1,2,True,PASS
S059_Trial02_Step01.csv,S059,2,1,True,PASS
S059_Trial02_Step02.csv,S059,2,2,True,PASS
S059_Trial03_Step01.csv,S059,3,1,True,PASS
S059_Trial04_Step01.csv,S059,4,1,True,PASS
S059_Trial05_Step01.csv,S059,5,1,True,PASS
S059_Trial05_Step02.csv,S059,5,2,True,PASS
S060_Trial01_Step01.csv,S060,1,1,True,PASS
S060_Trial01_Step02.csv,S060,1,2,True,PASS
S060_Trial02_Step01.csv,S060,2,1,True,PASS
S060_Trial03_Step01.csv,S060,3,1,True,PASS
S060_Trial04_Step01.csv,S060,4,1,True,PASS
S060_Trial05_Step01.csv,S060,5,1,True,PASS
S061_Trial01_Step01.csv,S061,1,1,True,PASS
S061_Trial02_Step01.csv,S061,2,1,True,PASS
S061_Trial03_Step01.csv,S061,3,1,True,PASS
S061_Trial03_Step02.csv,S061,3,2,True,PASS
S061_Trial04_Step01.csv,S061,4,1,True,PASS
S061_Trial04_Step02.csv,S061,4,2,True,PASS
S061_Trial05_Step01.csv,S061,5,1,True,PASS
S061_Trial05_Step02.csv,S061,5,2,True,PASS
S062_Trial01_Step01.csv,S062,1,1,True,PASS
S062_Trial01_Step02.csv,S062,1,2,True,PASS
S062_Trial02_Step01.csv,S062,2,1,True,PASS
S062_Trial02_Step02.csv,S062,2,2,True,PASS
S062_Trial03_Step01.csv,S062,3,1,True,PASS
S062_Trial03_Step02.csv,S062,3,2,True,PASS
S062_Trial04_Step01.csv,S062,4,1,True,PASS
S062_Trial04_Step02.csv,S062,4,2,True,PASS
S062_Trial05_Step01.csv,S062,5,1,True,PASS
S062_Trial05_Step02.csv,S062,5,2,True,PASS
S063_Trial01_Step01.csv,S063,1,1,True,PASS
S063_Trial01_Step02.csv,S063,1,2,True,PASS
S063_Trial02_Step01.csv,S063,2,1,True,PASS
S063_Trial02_Step02.csv,S063,2,2,True,PASS
S063_Trial03_Step01.csv,S063,3,1,True,PASS
S063_Trial04_Step01.csv,S063,4,1,True,PASS
S063_Trial04_Step02.csv,S063,4,2,True,PASS
S063_Trial05_Step01.csv,S063,5,1,True,PASS
S063_Trial05_Step02.csv,S063,5,2,True,PASS
S064_Trial01_Step01.csv,S064,1,1,True,PASS
S064_Trial01_Step02.csv,S064,1,2,True,PASS
S064_Trial02_Step01.csv,S064,2,1,True,PASS
S064_Trial02_Step02.csv,S064,2,2,True,PASS
S064_Trial03_Step01.csv,S064,3,1,True,PASS
S064_Trial03_Step02.csv,S064,3,2,True,PASS
S064_Trial04_Step01.csv,S064,4,1,True,PASS
S064_Trial04_Step02.csv,S064,4,2,True,PASS
S064_Trial05_Step01.csv,S064,5,1,True,PASS
S065_Trial01_Step01.csv,S065,1,1,True,PASS
S065_Trial01_Step02.csv,S065,1,2,True,PASS
S065_Trial02_Step01.csv,S065,2,1,True,PASS
S065_Trial02_Step02.csv,S065,2,2,True,PASS
S065_Trial03_Step01.csv,S065,3,1,True,PASS
S065_Trial03_Step02.csv,S065,3,2,True,PASS
S065_Trial04_Step01.csv,S065,4,1,True,PASS
S065_Trial04_Step02.csv,S065,4,2,True,PASS
S065_Trial05_Step01.csv,S065,5,1,True,PASS
S065_Trial05_Step02.csv,S065,5,2,True,PASS
S066_Trial01_Step01.csv,S066,1,1,True,PASS
S066_Trial01_Step02.csv,S066,1,2,True,PASS
S066_Trial02_Step01.csv,S066,2,1,True,PASS
S066_Trial02_Step02.csv,S066,2,2,True,PASS
S066_Trial03_Step01.csv,S066,3,1,True,PASS
S066_Trial03_Step02.csv,S066,3,2,True,PASS
S066_Trial04_Step01.csv,S066,4,1,True,PASS
S066_Trial04_Step02.csv,S066,4,2,True,PASS
S066_Trial05_Step01.csv,S066,5,1,True,PASS
S066_Trial05_Step02.csv,S066,5,2,True,PASS
S067_Trial01_Step01.csv,S067,1,1,True,PASS
S067_Trial01_Step02.csv,S067,1,2,True,PASS
S067_Trial02_Step01.csv,S067,2,1,True,PASS
S067_Trial02_Step02.csv,S067,2,2,True,PASS
S067_Trial03_Step01.csv,S067,3,1,True,PASS
S067_Trial03_Step02.csv,S067,3,2,True,PASS
S067_Trial04_Step01.csv,S067,4,1,True,PASS
S067_Trial04_Step02.csv,S067,4,2,True,PASS
S067_Trial05_Step01.csv,S067,5,1,True,PASS
S067_Trial05_Step02.csv,S067,5,2,True,PASS
S068_Trial01_Step01.csv,S068,1,1,True,PASS
S068_Trial01_Step02.csv,S068,1,2,True,PASS
S068_Trial02_Step01.csv,S068,2,1,True,PASS
S068_Trial02_Step02.csv,S068,2,2,True,PASS
S068_Trial03_Step01.csv,S068,3,1,True,PASS
S068_Trial03_Step02.csv,S068,3,2,True,PASS
S068_Trial04_Step01.csv,S068,4,1,True,PASS
S068_Trial04_Step02.csv,S068,4,2,True,PASS
S068_Trial05_Step01.csv,S068,5,1,True,PASS
S068_Trial05_Step02.csv,S068,5,2,True,PASS
S069_Trial01_Step01.csv,S069,1,1,True,PASS
S069_Trial01_Step02.csv,S069,1,2,True,PASS
S069_Trial02_Step01.csv,S069,2,1,True,PASS
S069_Trial02_Step02.csv,S069,2,2,True,PASS
S069_Trial03_Step01.csv,S069,3,1,True,PASS
S069_Trial04_Step01.csv,S069,4,1,True,PASS
S069_Trial05_Step01.csv,S069,5,1,True,PASS
S070_Trial01_Step01.csv,S070,1,1,True,PASS
S070_Trial01_Step02.csv,S070,1,2,True,PASS
S070_Trial02_Step01.csv,S070,2,1,True,PASS
S070_Trial02_Step02.csv,S070,2,2,True,PASS
S070_Trial03_Step01.csv,S070,3,1,True,PASS
S070_Trial03_Step02.csv,S070,3,2,True,PASS
S070_Trial04_Step01.csv,S070,4,1,True,PASS
S070_Trial04_Step02.csv,S070,4,2,True,PASS
S070_Trial05_Step01.csv,S070,5,1,True,PASS
S070_Trial05_Step02.csv,S070,5,2,True,PASS
S071_Trial01_Step01.csv,S071,1,1,True,PASS
S071_Trial01_Step02.csv,S071,1,2,True,PASS
S071_Trial02_Step01.csv,S071,2,1,True,PASS
S071_Trial02_Step02.csv,S071,2,2,True,PASS
S071_Trial03_Step01.csv,S071,3,1,True,PASS
S071_Trial03_Step02.csv,S071,3,2,True,PASS
S071_Trial04_Step01.csv,S071,4,1,True,PASS
S071_Trial04_Step02.csv,S071,4,2,True,PASS
S071_Trial05_Step01.csv,S071,5,1,True,PASS
S071_Trial05_Step02.csv,S071,5,2,True,PASS
S072_Trial01_Step01.csv,S072,1,1,True,PASS
S072_Trial02_Step01.csv,S072,2,1,True,PASS
S072_Trial03_Step01.csv,S072,3,1,True,PASS
S072_Trial04_Step01.csv,S072,4,1,True,PASS
S072_Trial05_Step01.csv,S072,5,1,True,PASS
S073_Trial01_Step01.csv,S073,1,1,True,PASS
S073_Trial01_Step02.csv,S073,1,2,True,PASS
S073_Trial02_Step01.csv,S073,2,1,True,PASS
S073_Trial03_Step01.csv,S073,3,1,True,PASS
S073_Trial03_Step02.csv,S073,3,2,True,PASS
S073_Trial04_Step01.csv,S073,4,1,True,PASS
S073_Trial05_Step01.csv,S073,5,1,True,PASS
S073_Trial05_Step02.csv,S073,5,2,True,PASS
S074_Trial01_Step01.csv,S074,1,1,True,PASS
S074_Trial01_Step02.csv,S074,1,2,True,PASS
S074_Trial02_Step01.csv,S074,2,1,True,PASS
S074_Trial02_Step02.csv,S074,2,2,True,PASS
S074_Trial03_Step01.csv,S074,3,1,True,PASS
S074_Trial03_Step02.csv,S074,3,2,True,PASS
S074_Trial04_Step01.csv,S074,4,1,True,PASS
S074_Trial05_Step01.csv,S074,5,1,True,PASS
S074_Trial05_Step02.csv,S074,5,2,True,PASS
S075_Trial01_Step01.csv,S075,1,1,True,PASS
S075_Trial01_Step02.csv,S075,1,2,True,PASS
S075_Trial02_Step01.csv,S075,2,1,True,PASS
S075_Trial02_Step02.csv,S075,2,2,True,PASS
S075_Trial03_Step01.csv,S075,3,1,True,PASS
S075_Trial03_Step02.csv,S075,3,2,True,PASS
S075_Trial04_Step01.csv,S075,4,1,True,PASS
S075_Trial04_Step02.csv,S075,4,2,True,PASS
S075_Trial05_Step01.csv,S075,5,1,True,PASS
S075_Trial05_Step02.csv,S075,5,2,True,PASS
S076_Trial01_Step01.csv,S076,1,1,True,PASS
S076_Trial02_Step01.csv,S076,2,1,True,PASS
S076_Trial03_Step01.csv,S076,3,1,True,PASS
S076_Trial04_Step01.csv,S076,4,1,True,PASS
S076_Trial05_Step01.csv,S076,5,1,True,PASS
S077_Trial01_Step01.csv,S077,1,1,True,PASS
S077_Trial01_Step02.csv,S077,1,2,True,PASS
S077_Trial02_Step01.csv,S077,2,1,True,PASS
S077_Trial02_Step02.csv,S077,2,2,True,PASS
S077_Trial03_Step01.csv,S077,3,1,True,PASS
S077_Trial04_Step01.csv,S077,4,1,True,PASS
S077_Trial04_Step02.csv,S077,4,2,True,PASS
S077_Trial05_Step01.csv,S077,5,1,True,PASS
S078_Trial01_Step01.csv,S078,1,1,True,PASS
S078_Trial01_Step02.csv,S078,1,2,True,PASS
S078_Trial02_Step01.csv,S078,2,1,True,PASS
S078_Trial02_Step02.csv,S078,2,2,True,PASS
S078_Trial03_Step01.csv,S078,3,1,True,PASS
S078_Trial03_Step02.csv,S078,3,2,True,PASS
S078_Trial04_Step01.csv,S078,4,1,True,PASS
S078_Trial04_Step02.csv,S078,4,2,True,PASS
S078_Trial05_Step01.csv,S078,5,1,True,PASS
S078_Trial05_Step02.csv,S078,5,2,True,PASS
S079_Trial01_Step01.csv,S079,1,1,True,PASS
S079_Trial01_Step02.csv,S079,1,2,True,PASS
S079_Trial02_Step01.csv,S079,2,1,True,PASS
S079_Trial02_Step02.csv,S079,2,2,True,PASS
S079_Trial03_Step01.csv,S079,3,1,True,PASS
S079_Trial03_Step02.csv,S079,3,2,True,PASS
S079_Trial04_Step01.csv,S079,4,1,True,PASS
S079_Trial04_Step02.csv,S079,4,2,True,PASS
S079_Trial05_Step01.csv,S079,5,1,True,PASS
S079_Trial05_Step02.csv,S079,5,2,True,PASS
S080_Trial01_Step01.csv,S080,1,1,True,PASS
S080_Trial02_Step01.csv,S080,2,1,True,PASS
S080_Trial03_Step01.csv,S080,3,1,True,PASS
S080_Trial03_Step02.csv,S080,3,2,True,PASS
S080_Trial04_Step01.csv,S080,4,1,True,PASS
S080_Trial04_Step02.csv,S080,4,2,True,PASS
S080_Trial05_Step01.csv,S080,5,1,True,PASS
S080_Trial05_Step02.csv,S080,5,2,True,PASS
S081_Trial01_Step01.csv,S081,1,1,True,PASS
S081_Trial01_Step02.csv,S081,1,2,True,PASS
S081_Trial02_Step01.csv,S081,2,1,True,PASS
S081_Trial02_Step02.csv,S081,2,2,True,PASS
S081_Trial03_Step01.csv,S081,3,1,True,PASS
S081_Trial03_Step02.csv,S081,3,2,True,PASS
S081_Trial04_Step01.csv,S081,4,1,True,PASS
S081_Trial04_Step02.csv,S081,4,2,True,PASS
S081_Trial05_Step01.csv,S081,5,1,True,PASS
S082_Trial01_Step01.csv,S082,1,1,True,PASS
S082_Trial02_Step01.csv,S082,2,1,True,PASS
S082_Trial02_Step02.csv,S082,2,2,True,PASS
S082_Trial03_Step01.csv,S082,3,1,True,PASS
S082_Trial04_Step01.csv,S082,4,1,True,PASS
S082_Trial05_Step01.csv,S082,5,1,True,PASS
S083_Trial01_Step01.csv,S083,1,1,True,PASS
S083_Trial02_Step01.csv,S083,2,1,True,PASS
S083_Trial03_Step01.csv,S083,3,1,True,PASS
S083_Trial03_Step02.csv,S083,3,2,True,PASS
S083_Trial04_Step01.csv,S083,4,1,True,PASS
S083_Trial04_Step02.csv,S083,4,2,True,PASS
S083_Trial05_Step01.csv,S083,5,1,True,PASS
S083_Trial05_Step02.csv,S083,5,2,True,PASS
S084_Trial01_Step01.csv,S084,1,1,True,PASS
S084_Trial02_Step01.csv,S084,2,1,True,PASS
S084_Trial02_Step02.csv,S084,2,2,True,PASS
S084_Trial03_Step01.csv,S084,3,1,True,PASS
S084_Trial03_Step02.csv,S084,3,2,True,PASS
S084_Trial04_Step01.csv,S084,4,1,True,PASS
S084_Trial04_Step02.csv,S084,4,2,True,PASS
S084_Trial05_Step01.csv,S084,5,1,True,PASS
S084_Trial05_Step02.csv,S084,5,2,True,PASS
S085_Trial01_Step01.csv,S085,1,1,True,PASS
S085_Trial02_Step01.csv,S085,2,1,True,PASS
S085_Trial02_Step02.csv,S085,2,2,True,PASS
S085_Trial03_Step01.csv,S085,3,1,True,PASS
S085_Trial04_Step01.csv,S085,4,1,True,PASS
S085_Trial04_Step02.csv,S085,4,2,True,PASS
S085_Trial05_Step01.csv,S085,5,1,True,PASS
S086_Trial01_Step01.csv,S086,1,1,True,PASS
S086_Trial02_Step01.csv,S086,2,1,True,PASS
S086_Trial03_Step01.csv,S086,3,1,True,PASS
S086_Trial04_Step01.csv,S086,4,1,True,PASS
S086_Trial05_Step01.csv,S086,5,1,True,PASS
S087_Trial01_Step01.csv,S087,1,1,True,PASS
S087_Trial01_Step02.csv,S087,1,2,True,PASS
S087_Trial02_Step01.csv,S087,2,1,True,PASS
S087_Trial02_Step02.csv,S087,2,2,True,PASS
S087_Trial03_Step01.csv,S087,3,1,True,PASS
S087_Trial03_Step02.csv,S087,3,2,True,PASS
S087_Trial04_Step01.csv,S087,4,1,True,PASS
S087_Trial04_Step02.csv,S087,4,2,True,PASS
S087_Trial05_Step01.csv,S087,5,1,True,PASS
S087_Trial05_Step02.csv,S087,5,2,True,PASS
S088_Trial01_Step01.csv,S088,1,1,True,PASS
S088_Trial02_Step01.csv,S088,2,1,True,PASS
S088_Trial03_Step01.csv,S088,3,1,True,PASS
S088_Trial04_Step01.csv,S088,4,1,True,PASS
S088_Trial05_Step01.csv,S088,5,1,True,PASS
S089_Trial01_Step01.csv,S089,1,1,True,PASS
S089_Trial01_Step02.csv,S089,1,2,True,PASS
S089_Trial02_Step01.csv,S089,2,1,True,PASS
S089_Trial02_Step02.csv,S089,2,2,True,PASS
S089_Trial03_Step01.csv,S089,3,1,True,PASS
S089_Trial03_Step02.csv,S089,3,2,True,PASS
S089_Trial04_Step01.csv,S089,4,1,True,PASS
S089_Trial04_Step02.csv,S089,4,2,True,PASS
S089_Trial05_Step01.csv,S089,5,1,True,PASS
S089_Trial05_Step02.csv,S089,5,2,True,PASS
S090_Trial01_Step01.csv,S090,1,1,True,PASS
S090_Trial01_Step02.csv,S090,1,2,True,PASS
S090_Trial02_Step01.csv,S090,2,1,True,PASS
S090_Trial02_Step02.csv,S090,2,2,True,PASS
S090_Trial03_Step01.csv,S090,3,1,True,PASS
S090_Trial03_Step02.csv,S090,3,2,True,PASS
S090_Trial04_Step01.csv,S090,4,1,True,PASS
S090_Trial04_Step02.csv,S090,4,2,True,PASS
S090_Trial05_Step01.csv,S090,5,1,True,PASS
S090_Trial05_Step02.csv,S090,5,2,True,PASS
S091_Trial01_Step01.csv,S091,1,1,True,PASS
S091_Trial01_Step02.csv,S091,1,2,True,PASS
S091_Trial02_Step01.csv,S091,2,1,True,PASS
S091_Trial02_Step02.csv,S091,2,2,True,PASS
S091_Trial03_Step01.csv,S091,3,1,True,PASS
S091_Trial03_Step02.csv,S091,3,2,True,PASS
S091_Trial04_Step01.csv,S091,4,1,True,PASS
S091_Trial04_Step02.csv,S091,4,2,True,PASS
S091_Trial05_Step01.csv,S091,5,1,True,PASS
S091_Trial05_Step02.csv,S091,5,2,True,PASS
S092_Trial01_Step01.csv,S092,1,1,True,PASS
S092_Trial02_Step01.csv,S092,2,1,True,PASS
S092_Trial03_Step01.csv,S092,3,1,True,PASS
S092_Trial04_Step01.csv,S092,4,1,True,PASS
S092_Trial05_Step01.csv,S092,5,1,True,PASS
S092_Trial05_Step02.csv,S092,5,2,True,PASS
S093_Trial01_Step01.csv,S093,1,1,True,PASS
S093_Trial01_Step02.csv,S093,1,2,True,PASS
S093_Trial02_Step01.csv,S093,2,1,True,PASS
S093_Trial02_Step02.csv,S093,2,2,True,PASS
S093_Trial03_Step01.csv,S093,3,1,True,PASS
S093_Trial03_Step02.csv,S093,3,2,True,PASS
S093_Trial04_Step01.csv,S093,4,1,True,PASS
S093_Trial04_Step02.csv,S093,4,2,True,PASS
S093_Trial05_Step01.csv,S093,5,1,True,PASS
S094_Trial01_Step01.csv,S094,1,1,True,PASS
S094_Trial01_Step02.csv,S094,1,2,True,PASS
S094_Trial02_Step01.csv,S094,2,1,True,PASS
S094_Trial02_Step02.csv,S094,2,2,True,PASS
S094_Trial03_Step01.csv,S094,3,1,True,PASS
S094_Trial03_Step02.csv,S094,3,2,True,PASS
S094_Trial04_Step01.csv,S094,4,1,True,PASS
S094_Trial04_Step02.csv,S094,4,2,True,PASS
S094_Trial05_Step01.csv,S094,5,1,True,PASS
S094_Trial05_Step02.csv,S094,5,2,True,PASS
S095_Trial01_Step01.csv,S095,1,1,True,PASS
S095_Trial01_Step02.csv,S095,1,2,True,PASS
S095_Trial02_Step01.csv,S095,2,1,True,PASS
S095_Trial02_Step02.csv,S095,2,2,True,PASS
S095_Trial03_Step01.csv,S095,3,1,True,PASS
S095_Trial03_Step02.csv,S095,3,2,True,PASS
S095_Trial04_Step01.csv,S095,4,1,True,PASS
S095_Trial04_Step02.csv,S095,4,2,True,PASS
S095_Trial05_Step01.csv,S095,5,1,True,PASS
S095_Trial05_Step02.csv,S095,5,2,True,PASS
S096_Trial01_Step01.csv,S096,1,1,True,PASS
S096_Trial01_Step02.csv,S096,1,2,True,PASS
S096_Trial02_Step01.csv,S096,2,1,True,PASS
S096_Trial03_Step01.csv,S096,3,1,True,PASS
S096_Trial04_Step01.csv,S096,4,1,True,PASS
S096_Trial05_Step01.csv,S096,5,1,True,PASS
S097_Trial01_Step01.csv,S097,1,1,True,PASS
S097_Trial02_Step01.csv,S097,2,1,True,PASS
S097_Trial02_Step02.csv,S097,2,2,True,PASS
S097_Trial03_Step01.csv,S097,3,1,True,PASS
S097_Trial04_Step01.csv,S097,4,1,True,PASS
S097_Trial05_Step01.csv,S097,5,1,True,PASS
S098_Trial01_Step01.csv,S098,1,1,True,PASS
S098_Trial01_Step02.csv,S098,1,2,True,PASS
S098_Trial02_Step01.csv,S098,2,1,True,PASS
S098_Trial02_Step02.csv,S098,2,2,True,PASS
S098_Trial03_Step01.csv,S098,3,1,True,PASS
S098_Trial03_Step02.csv,S098,3,2,True,PASS
S098_Trial04_Step01.csv,S098,4,1,True,PASS
S098_Trial04_Step02.csv,S098,4,2,True,PASS
S098_Trial05_Step01.csv,S098,5,1,True,PASS
S098_Trial05_Step02.csv,S098,5,2,True,PASS
S099_Trial01_Step01.csv,S099,1,1,True,PASS
S099_Trial01_Step02.csv,S099,1,2,True,PASS
S099_Trial02_Step01.csv,S099,2,1,True,PASS
S099_Trial02_Step02.csv,S099,2,2,True,PASS
S099_Trial03_Step01.csv,S099,3,1,True,PASS
S099_Trial03_Step02.csv,S099,3,2,True,PASS
S099_Trial04_Step01.csv,S099,4,1,True,PASS
S099_Trial04_Step02.csv,S099,4,2,True,PASS
S099_Trial05_Step01.csv,S099,5,1,True,PASS
S099_Trial05_Step02.csv,S099,5,2,True,PASS
S100_Trial01_Step01.csv,S100,1,1,True,PASS
S100_Trial01_Step02.csv,S100,1,2,True,PASS
S100_Trial02_Step01.csv,S100,2,1,True,PASS
S100_Trial02_Step02.csv,S100,2,2,True,PASS
S100_Trial03_Step01.csv,S100,3,1,True,PASS
S100_Trial03_Step02.csv,S100,3,2,True,PASS
S100_Trial04_Step01.csv,S100,4,1,True,PASS
S100_Trial04_Step02.csv,S100,4,2,True,PASS
S100_Trial05_Step01.csv,S100,5,1,True,PASS
S100_Trial05_Step02.csv,S100,5,2,True,PASS
S101_Trial01_Step01.csv,S101,1,1,True,PASS
S101_Trial02_Step01.csv,S101,2,1,True,PASS
S101_Trial03_Step01.csv,S101,3,1,True,PASS
S101_Trial04_Step01.csv,S101,4,1,True,PASS
S101_Trial04_Step02.csv,S101,4,2,True,PASS
S101_Trial05_Step01.csv,S101,5,1,True,PASS
S102_Trial01_Step01.csv,S102,1,1,True,PASS
S102_Trial02_Step01.csv,S102,2,1,True,PASS
S102_Trial02_Step02.csv,S102,2,2,True,PASS
S102_Trial03_Step01.csv,S102,3,1,True,PASS
S102_Trial03_Step02.csv,S102,3,2,True,PASS
S102_Trial04_Step01.csv,S102,4,1,True,PASS
S102_Trial04_Step02.csv,S102,4,2,True,PASS
S102_Trial05_Step01.csv,S102,5,1,True,PASS
S102_Trial05_Step02.csv,S102,5,2,True,PASS
S103_Trial01_Step01.csv,S103,1,1,True,PASS
S103_Trial01_Step02.csv,S103,1,2,True,PASS
S103_Trial02_Step01.csv,S103,2,1,True,PASS
S103_Trial02_Step02.csv,S103,2,2,True,PASS
S103_Trial03_Step01.csv,S103,3,1,True,PASS
S103_Trial03_Step02.csv,S103,3,2,True,PASS
S103_Trial04_Step01.csv,S103,4,1,True,PASS
S103_Trial05_Step01.csv,S103,5,1,True,PASS
S104_Trial01_Step01.csv,S104,1,1,True,PASS
S104_Trial01_Step02.csv,S104,1,2,True,PASS
S104_Trial02_Step01.csv,S104,2,1,True,PASS
S104_Trial02_Step02.csv,S104,2,2,True,PASS
S104_Trial03_Step01.csv,S104,3,1,True,PASS
S104_Trial03_Step02.csv,S104,3,2,True,PASS
S104_Trial04_Step01.csv,S104,4,1,True,PASS
S104_Trial04_Step02.csv,S104,4,2,True,PASS
S104_Trial05_Step01.csv,S104,5,1,True,PASS
S104_Trial05_Step02.csv,S104,5,2,True,PASS
S105_Trial01_Step01.csv,S105,1,1,True,PASS
S105_Trial01_Step02.csv,S105,1,2,True,PASS
S105_Trial02_Step01.csv,S105,2,1,True,PASS
S105_Trial03_Step01.csv,S105,3,1,True,PASS
S105_Trial03_Step02.csv,S105,3,2,True,PASS
S105_Trial04_Step01.csv,S105,4,1,True,PASS
S105_Trial05_Step01.csv,S105,5,1,True,PASS
S106_Trial01_Step01.csv,S106,1,1,True,PASS
S106_Trial02_Step01.csv,S106,2,1,True,PASS
S106_Trial03_Step01.csv,S106,3,1,True,PASS
S106_Trial04_Step01.csv,S106,4,1,True,PASS
S106_Trial05_Step01.csv,S106,5,1,True,PASS
S107_Trial01_Step01.csv,S107,1,1,True,PASS
S107_Trial01_Step02.csv,S107,1,2,True,PASS
S107_Trial02_Step01.csv,S107,2,1,True,PASS
S107_Trial02_Step02.csv,S107,2,2,True,PASS
S107_Trial03_Step01.csv,S107,3,1,True,PASS
S107_Trial03_Step02.csv,S107,3,2,True,PASS
S107_Trial04_Step01.csv,S107,4,1,True,PASS
S107_Trial04_Step02.csv,S107,4,2,True,PASS
S107_Trial05_Step01.csv,S107,5,1,True,PASS
S107_Trial05_Step02.csv,S107,5,2,True,PASS
S108_Trial01_Step01.csv,S108,1,1,True,PASS
S108_Trial02_Step01.csv,S108,2,1,True,PASS
S108_Trial02_Step02.csv,S108,2,2,True,PASS
S108_Trial03_Step01.csv,S108,3,1,True,PASS
S108_Trial03_Step02.csv,S108,3,2,True,PASS
S108_Trial04_Step01.csv,S108,4,1,True,PASS
S108_Trial04_Step02.csv,S108,4,2,True,PASS
S108_Trial05_Step01.csv,S108,5,1,True,PASS
S108_Trial05_Step02.csv,S108,5,2,True,PASS
S109_Trial01_Step01.csv,S109,1,1,True,PASS
S109_Trial01_Step02.csv,S109,1,2,True,PASS
S109_Trial02_Step01.csv,S109,2,1,True,PASS
S109_Trial02_Step02.csv,S109,2,2,True,PASS
S109_Trial03_Step01.csv,S109,3,1,True,PASS
S109_Trial03_Step02.csv,S109,3,2,True,PASS
S109_Trial04_Step01.csv,S109,4,1,True,PASS
S109_Trial04_Step02.csv,S109,4,2,True,PASS
S109_Trial05_Step01.csv,S109,5,1,True,PASS
S109_Trial05_Step02.csv,S109,5,2,True,PASS
S110_Trial01_Step01.csv,S110,1,1,True,PASS
S110_Trial01_Step02.csv,S110,1,2,True,PASS
S110_Trial02_Step01.csv,S110,2,1,True,PASS
S110_Trial02_Step02.csv,S110,2,2,True,PASS
S110_Trial03_Step01.csv,S110,3,1,True,PASS
S110_Trial04_Step01.csv,S110,4,1,True,PASS
S110_Trial05_Step01.csv,S110,5,1,True,PASS
S111_Trial01_Step01.csv,S111,1,1,True,PASS
S111_Trial01_Step02.csv,S111,1,2,True,PASS
S111_Trial02_Step01.csv,S111,2,1,True,PASS
S111_Trial02_Step02.csv,S111,2,2,True,PASS
S111_Trial03_Step01.csv,S111,3,1,True,PASS
S111_Trial03_Step02.csv,S111,3,2,True,PASS
S111_Trial04_Step01.csv,S111,4,1,True,PASS
S111_Trial04_Step02.csv,S111,4,2,True,PASS
S111_Trial05_Step01.csv,S111,5,1,True,PASS
S111_Trial05_Step02.csv,S111,5,2,True,PASS
S112_Trial01_Step01.csv,S112,1,1,True,PASS
S112_Trial01_Step02.csv,S112,1,2,True,PASS
S112_Trial02_Step01.csv,S112,2,1,True,PASS
S112_Trial02_Step02.csv,S112,2,2,True,PASS
S112_Trial03_Step01.csv,S112,3,1,True,PASS
S112_Trial03_Step02.csv,S112,3,2,True,PASS
S112_Trial04_Step01.csv,S112,4,1,True,PASS
S112_Trial04_Step02.csv,S112,4,2,True,PASS
S112_Trial05_Step01.csv,S112,5,1,True,PASS
S112_Trial05_Step02.csv,S112,5,2,True,PASS
S113_Trial01_Step01.csv,S113,1,1,True,PASS
S113_Trial01_Step02.csv,S113,1,2,True,PASS
S113_Trial02_Step01.csv,S113,2,1,True,PASS
S113_Trial02_Step02.csv,S113,2,2,True,PASS
S113_Trial03_Step01.csv,S113,3,1,True,PASS
S113_Trial03_Step02.csv,S113,3,2,True,PASS
S113_Trial04_Step01.csv,S113,4,1,True,PASS
S113_Trial04_Step02.csv,S113,4,2,True,PASS
S113_Trial05_Step01.csv,S113,5,1,True,PASS
S113_Trial05_Step02.csv,S113,5,2,True,PASS
S114_Trial01_Step01.csv,S114,1,1,True,PASS
S114_Trial01_Step02.csv,S114,1,2,True,PASS
S114_Trial02_Step01.csv,S114,2,1,True,PASS
S114_Trial02_Step02.csv,S114,2,2,True,PASS
S114_Trial03_Step01.csv,S114,3,1,True,PASS
S114_Trial03_Step02.csv,S114,3,2,True,PASS
S114_Trial04_Step01.csv,S114,4,1,True,PASS
S114_Trial04_Step02.csv,S114,4,2,True,PASS
S114_Trial05_Step01.csv,S114,5,1,True,PASS
S114_Trial05_Step02.csv,S114,5,2,True,PASS
S115_Trial01_Step01.csv,S115,1,1,True,PASS
S115_Trial01_Step02.csv,S115,1,2,True,PASS
S115_Trial02_Step01.csv,S115,2,1,True,PASS
S115_Trial02_Step02.csv,S115,2,2,True,PASS
S115_Trial03_Step01.csv,S115,3,1,True,PASS
S115_Trial03_Step02.csv,S115,3,2,True,PASS
S115_Trial04_Step01.csv,S115,4,1,True,PASS
S115_Trial04_Step02.csv,S115,4,2,True,PASS
S115_Trial05_Step01.csv,S115,5,1,True,PASS
S115_Trial05_Step02.csv,S115,5,2,True,PASS
S116_Trial01_Step01.csv,S116,1,1,True,PASS
S116_Trial01_Step02.csv,S116,1,2,True,PASS
S116_Trial02_Step01.csv,S116,2,1,True,PASS
S116_Trial02_Step02.csv,S116,2,2,True,PASS
S116_Trial03_Step01.csv,S116,3,1,True,PASS
S116_Trial03_Step02.csv,S116,3,2,True,PASS
S116_Trial04_Step01.csv,S116,4,1,True,PASS
S116_Trial04_Step02.csv,S116,4,2,True,PASS
S116_Trial05_Step01.csv,S116,5,1,True,PASS
S116_Trial05_Step02.csv,S116,5,2,True,PASS
S117_Trial01_Step01.csv,S117,1,1,True,PASS
S117_Trial01_Step02.csv,S117,1,2,True,PASS
S117_Trial02_Step01.csv,S117,2,1,True,PASS
S117_Trial02_Step02.csv,S117,2,2,True,PASS
S117_Trial03_Step01.csv,S117,3,1,True,PASS
S117_Trial03_Step02.csv,S117,3,2,True,PASS
S117_Trial04_Step01.csv,S117,4,1,True,PASS
S117_Trial04_Step02.csv,S117,4,2,True,PASS
S117_Trial05_Step01.csv,S117,5,1,True,PASS
S117_Trial05_Step02.csv,S117,5,2,True,PASS
S118_Trial01_Step01.csv,S118,1,1,True,PASS
S118_Trial02_Step01.csv,S118,2,1,True,PASS
S118_Trial03_Step01.csv,S118,3,1,True,PASS
S118_Trial04_Step01.csv,S118,4,1,True,PASS
S118_Trial05_Step01.csv,S118,5,1,True,PASS
S119_Trial01_Step01.csv,S119,1,1,True,PASS
S119_Trial01_Step02.csv,S119,1,2,True,PASS
S119_Trial02_Step01.csv,S119,2,1,True,PASS
S119_Trial02_Step02.csv,S119,2,2,True,PASS
S119_Trial03_Step01.csv,S119,3,1,True,PASS
S119_Trial03_Step02.csv,S119,3,2,True,PASS
S119_Trial04_Step01.csv,S119,4,1,True,PASS
S119_Trial04_Step02.csv,S119,4,2,True,PASS
S119_Trial05_Step01.csv,S119,5,1,True,PASS
S119_Trial05_Step02.csv,S119,5,2,True,PASS
S120_Trial01_Step01.csv,S120,1,1,True,PASS
S120_Trial01_Step02.csv,S120,1,2,True,PASS
S120_Trial02_Step01.csv,S120,2,1,True,PASS
S120_Trial02_Step02.csv,S120,2,2,True,PASS
S120_Trial03_Step01.csv,S120,3,1,True,PASS
S120_Trial04_Step01.csv,S120,4,1,True,PASS
S120_Trial05_Step01.csv,S120,5,1,True,PASS
S120_Trial05_Step02.csv,S120,5,2,True,PASS
